<?xml version="1.0" encoding="UTF-8"?>
<config xmlns="http://www.sourceid.org/2004/05/config">
    <!--Dsig keystore information: name and password-->
    <item name="DsigKeystoreName">ping-dsig.jks</item>
    <item name="DsigKeystorePassword">eyJhbGciOiJkaXIiLCJlbmMiOiJBMTI4Q0JDLUhTMjU2Iiwia2lkIjoiWG93QW82a2VwNyIsInZlcnNpb24iOiI5LjMuMC4zIn0..SxD330x12OIRpFI_oxKslw.5RiRDE1IHX3-x4pPOrISCdWyLOCbQcfaUGkQIOsqU8o.T3ZyPPNtceuIfbHyuN2TYw</item>
    <!--Do not modify-->
    <item name="DsigKeystoreType2">default</item>
    <!--Map of Dsig keystore aliases to passwords; the system uses this map
     to open private keys for generating signatures, X509
     authentication, etc. For each item, the name of the item maps
     to the alias of a private key, and the value of the item is the
     password to that particular key.-->
    <map name="DsigPrivateKeyPasswords">
        <item name="hhvtyh9eljfw9namjzbk73p70">eyJhbGciOiJkaXIiLCJlbmMiOiJBMTI4Q0JDLUhTMjU2Iiwia2lkIjoiWG93QW82a2VwNyIsInZlcnNpb24iOiI5LjMuMC4zIn0..7UQ_bUDtNVdvLV5F7oOt5Q.a_6KZLb_COoKOQVOnA9g1mnYLJMspRq3j63Fkl4t80E.PXwU9qiHUe4gnTdkpn4Kmw</item>
        <item name="4lc5326h8pb7lgxsi4s856n8p">eyJhbGciOiJkaXIiLCJlbmMiOiJBMTI4Q0JDLUhTMjU2Iiwia2lkIjoiWG93QW82a2VwNyIsInZlcnNpb24iOiI5LjMuMC4zIn0..fUgFltb5NrQtsYMhOMDU4g.LKjwA0-JSZwbUvs9jzHJfCjOF5sfHLK1Lb0bPIWDPnU.3hyiOZivLt_wduYbdTev1A</item>
        <item name="56h9a2jdlbxk5s8f6n9cwwfq3">eyJhbGciOiJkaXIiLCJlbmMiOiJBMTI4Q0JDLUhTMjU2Iiwia2lkIjoiWG93QW82a2VwNyIsInZlcnNpb24iOiI5LjMuMC4zIn0..E_aIaC9pWyvBA_Bxnj61VQ.1_OOBalWCIKUnuw4IwWniIDV94oqA0ByS4q-xjzXrOs.5BdwwgVsCH2E-OqikInWBw</item>
        <item name="cotbjdmaezlefeft3ato89h73">eyJhbGciOiJkaXIiLCJlbmMiOiJBMTI4Q0JDLUhTMjU2Iiwia2lkIjoiWG93QW82a2VwNyIsInZlcnNpb24iOiI5LjMuMC4zIn0..3iHxoD9_zQpInT8pyb_V2g.EGsFQrh2H1mTxrAH94PrlDpiMspF9VwdXL59KPYSOCU.1WlxO_W-prF5z96L8Oin6Q</item>
    </map>
    <!--DSIG HSM Keystore information: name and password-->
    <item name="DsigHSMKeystoreName">ping-dsig.hsmks</item>
    <item name="DsigHSMKeystorePassword"/>
    <item name="DsigHSMKeystoreType2">default</item>
    <!--Map of Dsig keystore aliases to passwords; the system uses this map
     to open private keys for generating signatures, X509
     authentication, etc. For each item, the name of the item maps
     to the alias of a private key and the value of the item is the
     password to that particular key-->
    <map name="DsigHSMPrivateKeyPasswords"/>
    <!--SSL Keystore information: name and password-->
    <item name="SslKeystoreName">ping-ssl.jks</item>
    <item name="SslKeystorePassword">eyJhbGciOiJkaXIiLCJlbmMiOiJBMTI4Q0JDLUhTMjU2Iiwia2lkIjoiWG93QW82a2VwNyIsInZlcnNpb24iOiI5LjMuMC4zIn0..QNRKmwkaDB4dz-7Xq4LVDA.m36SLr2IlWCdQ9grzJZanFvtFjXnh5pnU26KyybvXxg.nHPJu3wqTg9ulPY46VZP7Q</item>
    <!--Do not modify-->
    <item name="SslKeystoreType2">default</item>
    <!--Map of SSL client auth keystore aliases to passwords; the system uses this map
     to open private keys for generating signatures, X509
     authentication, etc. For each item, the name of the item maps
     to the alias of a private key and the value of the item is the
     password to that particular key-->
    <map name="SslPrivateKeyPasswords"/>
    <!--SSL HSM Keystore information: name and password-->
    <item name="SslHSMKeystoreName">ping-ssl.hsmks</item>
    <item name="SslHSMKeystorePassword"/>
    <!--Do not modify-->
    <item name="SslHSMKeystoreType2">default</item>
    <!--Map of SSL client auth keystore aliases to passwords; the system uses this map
     to open private keys for generating signatures, X509
     authentication, etc. For each item, the name of the item maps
     to the alias of a private key and the value of the item is the
     password to that particular key-->
    <map name="SslHSMPrivateKeyPasswords"/>
    <!--SSL Server Keystore information: name and password-->
    <item name="SslServerKeystoreName">ping-ssl-server.jks</item>
    <item name="SslServerKeystorePassword">eyJhbGciOiJkaXIiLCJlbmMiOiJBMTI4Q0JDLUhTMjU2Iiwia2lkIjoiWG93QW82a2VwNyIsInZlcnNpb24iOiI5LjMuMC4zIn0..OhqQ9lcSGl8X66KM9yfo9w.LnAIuLdHcl9mzzy7xzaySVneLJ_0nu8Tdv6aOsnns6A.yNVpCfJRaj3K5TKrpn95pg</item>
    <!--Do not modify-->
    <item name="SslServerKeystoreType2">default</item>
    <!--Map of SSL Server keystore aliases to passwords; the system uses this map
         to open private keys for generating signatures, X509
         authentication, etc. For each item, the name of the item maps
         to the alias of a private key and the value of the item is the
         password to that particular key-->
    <map name="SslServerPrivateKeyPasswords">
        <item name="eedib9izmaki0wcrjf8i056p6">eyJhbGciOiJkaXIiLCJlbmMiOiJBMTI4Q0JDLUhTMjU2Iiwia2lkIjoiWG93QW82a2VwNyIsInZlcnNpb24iOiI5LjMuMC4zIn0..RnP89Ifq3GQGLZplDhjTag.qIxEZ_me4ff6fY1wl5xDxOAOUSvhqjXJxtMVO6hMENE.Z4dSPMMbFMCYasPJkipXYw</item>
    </map>
    <!--SSL HSM Server Keystore information: name and password-->
    <item name="SslServerHSMKeystoreName">ping-ssl-server.hsmks</item>
    <item name="SslServerHSMKeystorePassword"/>
    <!--Do not modify-->
    <item name="SslServerHSMKeystoreType2">default</item>
    <!--Map of SSL Server keystore aliases to passwords; the system uses this map
         to open private keys for generating signatures, X509
         authentication, etc. For each item, the name of the item maps
         to the alias of a private key and the value of the item is the
         password to that particular key-->
    <map name="SslServerHSMPrivateKeyPasswords"/>
    <!--Truststore Keystore information: name and password-->
    <item name="TrustKeystoreName">ping-trust.jks</item>
    <item name="TrustKeystorePassword">eyJhbGciOiJkaXIiLCJlbmMiOiJBMTI4Q0JDLUhTMjU2Iiwia2lkIjoiWG93QW82a2VwNyIsInZlcnNpb24iOiI5LjMuMC4zIn0..3A8BxvdXMlPdYnLGsgl-xg.cFahmsBh5_QttVKik2EWMxx46ddb7rYvhvudHfSm_Fo.IddtQHuL-Kt6fagX2jcJ5Q</item>
    <!--You can specify a key store type here. Available keystore types are
          JKS     - Java Keystore
          nCipher.sworld - nCipher keystore
          default - let the system select a keystore type for you. For Luna HSM 6, JKS is used.
                    For nCipher, nCipher.sworld is used. Otherwise, JKS is used-->
    <item name="TrustKeystoreType2">default</item>
    <!--Truststore HSM Keystore information: name and password-->
    <item name="TrustHSMKeystoreName">ping-trust.hsmks</item>
    <item name="TrustHSMKeystorePassword"/>
    <!--You can specify a key store type here. Available keystore types are
          JKS     - Java Keystore
          nCipher.sworld - nCipher keystore
          default - let the system select a keystore type for you. For Luna HSM 6, JKS is used.
                    For nCipher, nCipher.sworld is used. Otherwise, JKS is used-->
    <item name="TrustHSMKeystoreType2">default</item>
    <!--General keystore information: name and password-->
    <item name="GeneralKeystoreName">ping-general.jks</item>
    <item name="GeneralKeystorePassword">eyJhbGciOiJkaXIiLCJlbmMiOiJBMTI4Q0JDLUhTMjU2Iiwia2lkIjoiWG93QW82a2VwNyIsInZlcnNpb24iOiI5LjMuMC4zIn0..x13t864yoGGpc5_c1kWtSQ.NDxm08Cfgjl7cklvuoL3KXqMcf-eV2TmKVHaYlgJ1kE.WnoQAyJPcPmLfOVDjvn7kQ</item>
    <!--Do not modify-->
    <item name="GeneralKeystoreType2">default</item>
    <!--Map of General keystore aliases to passwords; the system uses this map
     to open private keys for generating signatures, X509
     authentication, etc. For each item, the name of the item maps
     to the alias of a private key, and the value of the item is the
     password to that particular key.-->
    <map name="GeneralPrivateKeyPasswords">
        <item name="vl21pknu5g6r5s2g1glmpdbwh">eyJhbGciOiJkaXIiLCJlbmMiOiJBMTI4Q0JDLUhTMjU2Iiwia2lkIjoiWG93QW82a2VwNyIsInZlcnNpb24iOiI5LjMuMC4zIn0..GjTyIFx2U9Xur5imq0z6CA.O2QdpC1-jZjaec7AG4qAUn3_gxFpp2YegrQJ1LOMQyo.GHnGFndFn9nUCbVOKKiW9A</item>
    </map>
    <!--General HSM keystore information: name and password-->
    <item name="GeneralHSMKeystoreName">ping-general.hsmks</item>
    <item name="GeneralHSMKeystorePassword"/>
    <!--Do not modify-->
    <item name="GeneralHSMKeystoreType2">default</item>
    <!--Map of General keystore aliases to passwords; the system uses this map
     to open private keys for generating signatures, X509
     authentication, etc. For each item, the name of the item maps
     to the alias of a private key, and the value of the item is the
     password to that particular key.-->
    <map name="GeneralHSMPrivateKeyPasswords"/>
</config>