<?xml version="1.0" encoding="UTF-8"?>
<con:config xmlns:con="http://www.sourceid.org/2004/05/config">
    <con:item name="ApplicationDockEndpoint">https://desktop.pingone.com/cd-1129610135.pingidentity</con:item>
    <con:item name="ProvisioningBaseUrl">https://scim.connect.pingidentity.com/prov-service</con:item>
    <con:item name="KeyPairAlias">vl21pknu5g6r5s2g1glmpdbwh</con:item>
    <con:item name="ClientId">92e438f7-f016-47b4-9d52-6b5b1801c8f3</con:item>
    <con:item name="AccountId">9aa4160c-8bed-4a7e-8a54-4f1583e8fdb2</con:item>
    <con:item name="CompanyName">jeremycarrier+CASTraining@pingidentity.com</con:item>
    <con:item name="Associated">true</con:item>
</con:config>