<?xml version="1.0" encoding="UTF-8"?>
<urn:AuthnSelectionConfig lastModifiedMillis="1557342326370" enableAuthnSelection="true" enableSpAuthnSelection="true" failIfNoSelection="false" xmlns:urn="urn:pingidentity.com:pf:authn-selection">
    <urn:AuthnSelectionTrees>
        <urn:AuthnSelectionTree treeName="IFAPolicy" disabled="false">
            <urn:AstRoot context="">
                <urn:AstAction xsi:type="urn:AuthnSourceActionType" xmlns:xsi="http://www.w3.org/2001/XMLSchema-instance">
                    <urn:AuthnSourceKey type="ADAPTER">IFAAdapter</urn:AuthnSourceKey>
                    <urn:fallbackToSuccess>false</urn:fallbackToSuccess>
                    <urn:attributeRule>
                        <urn:IncomingAttr>domain</urn:IncomingAttr>
                        <urn:Operand>EQUALS</urn:Operand>
                        <urn:ExpectedValue>rebel.org</urn:ExpectedValue>
                        <urn:Result>rebel</urn:Result>
                    </urn:attributeRule>
                    <urn:attributeRule>
                        <urn:IncomingAttr>domain</urn:IncomingAttr>
                        <urn:Operand>EQUALS</urn:Operand>
                        <urn:ExpectedValue>empire.org</urn:ExpectedValue>
                        <urn:Result>empire</urn:Result>
                    </urn:attributeRule>
                </urn:AstAction>
                <urn:AstChild context="Fail">
                    <urn:AstAction noOpType="DONE" xsi:type="urn:NoOpActionType" xmlns:xsi="http://www.w3.org/2001/XMLSchema-instance"/>
                </urn:AstChild>
                <urn:AstChild context="rebel">
                    <urn:AstAction xsi:type="urn:AuthnSourceActionType" xmlns:xsi="http://www.w3.org/2001/XMLSchema-instance">
                        <urn:AuthnSourceKey type="ADAPTER">IDPA1RK</urn:AuthnSourceKey>
                        <urn:fallbackToSuccess>true</urn:fallbackToSuccess>
                        <urn:InputIdMapping Type="Adapter" AttributeSourceId="IFAAdapter" Value="subject"/>
                    </urn:AstAction>
                    <urn:AstChild context="Fail">
                        <urn:AstAction noOpType="DONE" xsi:type="urn:NoOpActionType" xmlns:xsi="http://www.w3.org/2001/XMLSchema-instance"/>
                    </urn:AstChild>
                    <urn:AstChild context="Success">
                        <urn:AstAction apcId="lSkHLN4qdhKhcQ3v" xsi:type="urn:ApcMappingActionType" xmlns:xsi="http://www.w3.org/2001/XMLSchema-instance">
                            <urn:AttributeMapping>
                                <urn1:AttributeMap Name="firstName" Type="LDAP" AttributeSourceId="RebelAD" Value="givenName" xmlns:urn1="urn:sourceid.org:saml2:metadata-extension:v2"/>
                                <urn1:AttributeMap Name="lastName" Type="LDAP" AttributeSourceId="RebelAD" Value="sn" xmlns:urn1="urn:sourceid.org:saml2:metadata-extension:v2"/>
                                <urn1:AttributeMap Name="subject" Type="Adapter" AttributeSourceId="IDPA1RK" Value="subject" xmlns:urn1="urn:sourceid.org:saml2:metadata-extension:v2"/>
                                <urn1:AttributeMap Name="groups" Type="LDAP" AttributeSourceId="RebelAD" Value="memberOf" xmlns:urn1="urn:sourceid.org:saml2:metadata-extension:v2"/>
                                <urn1:AttributeSource Id="RebelAD" Description="RebelAD" Type="LDAP" DataSourceId="LDAP-8C96A9967B80D55D1A4E51EA1594ECB150EA9637" xmlns:urn1="urn:sourceid.org:saml2:metadata-extension:v2">
                                    <urn1:Parameter Name="filter" Value="mail=${ad.IDPA1RK.subject}"/>
                                    <urn1:Parameter Name="search_base" Value="ou=LabUsers,dc=picarrier,dc=lab"/>
                                    <urn1:Parameter Name="search_scope" Value="SUBTREE_SCOPE"/>
                                    <urn1:Parameter Name="memberof_nested_group" Value="false"/>
                                </urn1:AttributeSource>
                                <urn1:TokenAuthorizationIssuanceCriteria xmlns:urn1="urn:sourceid.org:saml2:metadata-extension:v2"/>
                            </urn:AttributeMapping>
                        </urn:AstAction>
                    </urn:AstChild>
                </urn:AstChild>
                <urn:AstChild context="empire">
                    <urn:AstAction xsi:type="urn:AuthnSourceActionType" xmlns:xsi="http://www.w3.org/2001/XMLSchema-instance">
                        <urn:AuthnSourceKey type="IDP_CONN">OTAe4YybgaAKAN5PdorQsPfdVZB</urn:AuthnSourceKey>
                        <urn:fallbackToSuccess>true</urn:fallbackToSuccess>
                        <urn:InputIdMapping Type="Adapter" AttributeSourceId="IFAAdapter" Value="subject"/>
                    </urn:AstAction>
                    <urn:AstChild context="Fail">
                        <urn:AstAction noOpType="DONE" xsi:type="urn:NoOpActionType" xmlns:xsi="http://www.w3.org/2001/XMLSchema-instance"/>
                    </urn:AstChild>
                    <urn:AstChild context="Success">
                        <urn:AstAction apcId="lSkHLN4qdhKhcQ3v" xsi:type="urn:ApcMappingActionType" xmlns:xsi="http://www.w3.org/2001/XMLSchema-instance">
                            <urn:AttributeMapping>
                                <urn1:AttributeMap Name="firstName" Type="LDAP" AttributeSourceId="Source1" Value="givenName" xmlns:urn1="urn:sourceid.org:saml2:metadata-extension:v2"/>
                                <urn1:AttributeMap Name="lastName" Type="LDAP" AttributeSourceId="Source1" Value="sn" xmlns:urn1="urn:sourceid.org:saml2:metadata-extension:v2"/>
                                <urn1:AttributeMap Name="subject" Type="IdP Connection" AttributeSourceId="OTAe4YybgaAKAN5PdorQsPfdVZB" Value="SAML_SUBJECT" xmlns:urn1="urn:sourceid.org:saml2:metadata-extension:v2"/>
                                <urn1:AttributeMap Name="groups" Type="LDAP" AttributeSourceId="Source1" Value="memberOf" xmlns:urn1="urn:sourceid.org:saml2:metadata-extension:v2"/>
                                <urn1:AttributeSource Id="Source1" Description="Source1" Type="LDAP" DataSourceId="LDAP-8C96A9967B80D55D1A4E51EA1594ECB150EA9637" xmlns:urn1="urn:sourceid.org:saml2:metadata-extension:v2">
                                    <urn1:Parameter Name="filter" Value="mail=${idp.PF92IDP.SAML_SUBJECT}"/>
                                    <urn1:Parameter Name="search_base" Value="ou=LabUsers,dc=picarrier,dc=lab"/>
                                    <urn1:Parameter Name="search_scope" Value="SUBTREE_SCOPE"/>
                                    <urn1:Parameter Name="memberof_nested_group" Value="false"/>
                                </urn1:AttributeSource>
                                <urn1:TokenAuthorizationIssuanceCriteria xmlns:urn1="urn:sourceid.org:saml2:metadata-extension:v2"/>
                            </urn:AttributeMapping>
                        </urn:AstAction>
                    </urn:AstChild>
                </urn:AstChild>
            </urn:AstRoot>
            <urn:treeDescription>Policy for handling IdP selection branches</urn:treeDescription>
        </urn:AuthnSelectionTree>
    </urn:AuthnSelectionTrees>
    <urn:DefaultAuthnSources/>
</urn:AuthnSelectionConfig>