<?xml version="1.0" encoding="UTF-8"?>
<ldap:ldap-sources xmlns:ldap="http://pingidentity.com/2004/09/ldap-ds">
    <ldap:ldap-source id="LDAP-8C96A9967B80D55D1A4E51EA1594ECB150EA9637" maskAttributeValues="false" ldapType="ActiveDirectory" ldapTypeDesc="Active Directory" testOnBorrow="false" testOnReturn="false" createIfNecessary="true" minIdle="10" maxActive="100" maxWait="-1" timeBetweenEvictionRunsMillis="60000" readTimeoutMillis="3000" connTimeoutMillis="3000" verifyHost="true" dnsTtlMillis="60000" ldapDnsSrvPrefix="_ldap._tcp" ldapsDnsSrvPrefix="_ldaps._tcp">
        <ldap:host>10.101.48.110</ldap:host>
        <ldap:principal>cn=Jeremy Carrier,cn=users,dc=picarrier,dc=lab</ldap:principal>
        <ldap:use-ssl>false</ldap:use-ssl>
        <ldap:use-dns-srv-records>false</ldap:use-dns-srv-records>
        <ldap:credentials>eyJhbGciOiJkaXIiLCJlbmMiOiJBMTI4Q0JDLUhTMjU2Iiwia2lkIjoiWG93QW82a2VwNyIsInZlcnNpb24iOiI5LjMuMC4zIn0..RKumWlBU4glM1bDhLZmk_g.lp9tXlymnCffeTiUObakNw.WVfxIndVZV7sviqi8NN3pA</ldap:credentials>
        <ldap:authenticationMeth>simple</ldap:authenticationMeth>
        <ldap:description>EmpireAD</ldap:description>
        <ldap:name>EmpireAD</ldap:name>
        <ldap:binaryAttributes/>
    </ldap:ldap-source>
</ldap:ldap-sources>