<?xml version="1.0" encoding="UTF-8"?>
<sk:systemKeys xmlns:sk="http://pingidentity.com/2018/01/system-keys">
    <sk:currentKey>
        <sk:key>eyJhbGciOiJkaXIiLCJlbmMiOiJBMTI4Q0JDLUhTMjU2Iiwia2lkIjoiWG93QW82a2VwNyIsInZlcnNpb24iOiI5LjMuMC4zIiwiemlwIjoiREVGIn0..9SJeCgNCqx4WKiqAbcpLnQ.0wGGxb9-V3cEvgYuOV0f3QxY_w8qHTevE8uVL7OVPFP2zT5562oueaPeR6owFhUy.7efSscrC1iNC4nWpNeTA4g</sk:key>
        <sk:generatedTime>2019-04-29T15:17:11.315Z</sk:generatedTime>
    </sk:currentKey>
    <sk:previousKey xsi:nil="true" xmlns:xsi="http://www.w3.org/2001/XMLSchema-instance"/>
    <sk:pendingKey>
        <sk:key>eyJhbGciOiJkaXIiLCJlbmMiOiJBMTI4Q0JDLUhTMjU2Iiwia2lkIjoiWG93QW82a2VwNyIsInZlcnNpb24iOiI5LjMuMC4zIiwiemlwIjoiREVGIn0..GZIh6AbHEoWY7YTnM-l6jw.Mk4KXH_ViBsP8pWC9mazeBi3mUsiWQE_78vE9dIoFgsPnoh2bFS3WAmkcuNoMvxK.ylR3lzhcMvoTAMgGq-3_iA</sk:key>
        <sk:generatedTime>2019-04-29T15:17:11.316Z</sk:generatedTime>
    </sk:pendingKey>
</sk:systemKeys>