<?xml version="1.0" encoding="UTF-8"?>
<urn:AdapterConfiguration authnCtxClassRef="" isInheritAttributeSettings="false" isInheritAttributeMapping="false" maskOgnlValues="false" isInheritExtendedContractAttributes="false" name="IDPAdapter1 - Reference Kit" xmlns:urn="urn:sourceid.org:saml2:adapter:conf">
    <urn:Fields>
        <urn:Field name="Authentication Endpoint">https://10.101.26.211/SamplePHPIdP.php</urn:Field>
        <urn:Field name="User Name">idpuser</urn:Field>
        <urn:Field name="Pass Phrase">eyJhbGciOiJkaXIiLCJlbmMiOiJBMTI4Q0JDLUhTMjU2Iiwia2lkIjoiWG93QW82a2VwNyIsInZlcnNpb24iOiI5LjMuMC4zIn0..EQw_l2psNhi6v83i_OuovA.3VKfLdapEX8yZHsOze6Esg.83aDsTWJIcv_-BzbrFK2mQ</urn:Field>
        <urn:Field name="Allowed Subject DN"/>
        <urn:Field name="Allowed Issuer DN"/>
        <urn:Field name="Logout Service Endpoint">https://10.101.26.211/IdPlogout.php</urn:Field>
        <urn:Field name="Prefix Referenced Attributes">false</urn:Field>
        <urn:Field name="Ignore Untracked HTTP Parameters">false</urn:Field>
        <urn:Field name="Transport Mode">2</urn:Field>
        <urn:Field name="Reference Duration">5</urn:Field>
        <urn:Field name="Reference Length">30</urn:Field>
        <urn:Field name="Require SSL/TLS">true</urn:Field>
        <urn:Field name="Outgoing Attribute Format">JSON</urn:Field>
        <urn:Field name="Incoming Attribute Format">JSON</urn:Field>
        <urn:Field name="Logout Mode">FRONT</urn:Field>
        <urn:Field name="Skip Host Name Validation ">true</urn:Field>
    </urn:Fields>
    <urn:AdvancedFields>
        <urn:Field name="Prefix Referenced Attributes">false</urn:Field>
        <urn:Field name="Ignore Untracked HTTP Parameters">false</urn:Field>
        <urn:Field name="Transport Mode">2</urn:Field>
        <urn:Field name="Reference Duration">5</urn:Field>
        <urn:Field name="Reference Length">30</urn:Field>
        <urn:Field name="Require SSL/TLS">true</urn:Field>
        <urn:Field name="Outgoing Attribute Format">JSON</urn:Field>
        <urn:Field name="Incoming Attribute Format">JSON</urn:Field>
        <urn:Field name="Logout Mode">FRONT</urn:Field>
        <urn:Field name="Skip Host Name Validation ">true</urn:Field>
    </urn:AdvancedFields>
    <urn:Tables/>
    <urn:ExtendedContractAttributes/>
    <urn:UniqueKeyField>subject</urn:UniqueKeyField>
    <urn:AttributeMapping>
        <urn1:AttributeMap Name="subject" Type="Adapter" Value="subject" xmlns:urn1="urn:sourceid.org:saml2:metadata-extension:v2"/>
        <urn1:AttributeSource Id="RebelAD" Description="RebelAD" Type="LDAP" DataSourceId="LDAP-8C96A9967B80D55D1A4E51EA1594ECB150EA9637" xmlns:urn1="urn:sourceid.org:saml2:metadata-extension:v2">
            <urn1:Parameter Name="filter" Value="mail=${subject}"/>
            <urn1:Parameter Name="search_base" Value="ou=LabUsers,dc=picarrier,dc=lab"/>
            <urn1:Parameter Name="search_scope" Value="SUBTREE_SCOPE"/>
            <urn1:Parameter Name="memberof_nested_group" Value="false"/>
        </urn1:AttributeSource>
        <urn1:TokenAuthorizationIssuanceCriteria xmlns:urn1="urn:sourceid.org:saml2:metadata-extension:v2"/>
    </urn:AttributeMapping>
</urn:AdapterConfiguration>