<?xml version="1.0" encoding="UTF-8"?>
<urn:PluginConfiguration isInheritExtendedContractAttributes="false" name="EmpireAD" xmlns:urn="urn:sourceid.org:saml2:adapter:conf">
    <urn:Fields>
        <urn:Field name="LDAP Datastore">LDAP-8C96A9967B80D55D1A4E51EA1594ECB150EA9637</urn:Field>
        <urn:Field name="Search Base">ou=labusers,dc=picarrier,dc=lab</urn:Field>
        <urn:Field name="Search Filter">mail=${username}</urn:Field>
        <urn:Field name="Scope of Search">Subtree</urn:Field>
        <urn:Field name="Case-Sensitive Matching">true</urn:Field>
        <urn:Field name="Display Name Attribute">displayName</urn:Field>
        <urn:Field name="Mail Attribute">mail</urn:Field>
        <urn:Field name="SMS Attribute"/>
        <urn:Field name="PingID Username Attribute"/>
        <urn:Field name="Mail Search Filter"/>
        <urn:Field name="Username Attribute"/>
        <urn:Field name="Mail Verified Attribute"/>
    </urn:Fields>
    <urn:AdvancedFields>
        <urn:Field name="Display Name Attribute">displayName</urn:Field>
        <urn:Field name="Mail Attribute">mail</urn:Field>
        <urn:Field name="SMS Attribute"/>
        <urn:Field name="PingID Username Attribute"/>
        <urn:Field name="Mail Search Filter"/>
        <urn:Field name="Username Attribute"/>
        <urn:Field name="Mail Verified Attribute"/>
    </urn:AdvancedFields>
    <urn:Tables>
        <urn:Table name="Authentication Error Overrides"/>
    </urn:Tables>
    <urn:ExtendedContractAttributes/>
</urn:PluginConfiguration>