<?xml version="1.0" encoding="UTF-8"?>
<urn:PluginConfiguration isInheritExtendedContractAttributes="false" name="PCVEmpire" xmlns:urn="urn:sourceid.org:saml2:adapter:conf">
    <urn:Fields/>
    <urn:AdvancedFields/>
    <urn:Tables>
        <urn:Table name="Users">
            <urn:Row>
                <urn:Field name="Username">kren@empire.org</urn:Field>
                <urn:Field name="Password">lcrn7mL2mmkAvt1xn3EkHWxW9rvH5kBcaDxoZ0Ypwdk.fOwcwRft.2</urn:Field>
                <urn:Field name="Confirm Password">L9Ih4zpT-PY7u-CLAqzglCjSpRrkChQj9bu0xBMw8p4.rkkiT5X6.2</urn:Field>
            </urn:Row>
            <urn:Row>
                <urn:Field name="Username">dvader@empire.org</urn:Field>
                <urn:Field name="Password">IM_F_fccr8GJ5YB4vHV5CYa2o4MGuQqOkQkvN_EvdTQ.Jd9SrI2K.2</urn:Field>
                <urn:Field name="Confirm Password">kFiRqvL-1ZO6KgPQ99PkXcPVQ0KMXd-sEYIgECuFzDs.vHRL8Edf.2</urn:Field>
            </urn:Row>
        </urn:Table>
    </urn:Tables>
</urn:PluginConfiguration>