<?xml version="1.0" encoding="UTF-8"?>
<urn:PluginConfiguration isInheritExtendedContractAttributes="false" name="PCVRebel" xmlns:urn="urn:sourceid.org:saml2:adapter:conf">
    <urn:Fields/>
    <urn:AdvancedFields/>
    <urn:Tables>
        <urn:Table name="Users">
            <urn:Row>
                <urn:Field name="Username">lskywalker@rebel.org</urn:Field>
                <urn:Field name="Password">hnlOiJBXtdykhPUPlBXlFIu1gjaNmtXKhpVI6KxxvnA.NVvyCOr2.2</urn:Field>
                <urn:Field name="Confirm Password">Ze_5ulY691rn5M8v0JSfpZ6eODuHsRAOf50M34FW5mc.cRcefKjO.2</urn:Field>
            </urn:Row>
            <urn:Row>
                <urn:Field name="Username">hsolo@rebel.org</urn:Field>
                <urn:Field name="Password">oAONi41p67VF8B7XkmCbGw7AuMA0PU-VTajrmEihRKI.c1mFamZG.2</urn:Field>
                <urn:Field name="Confirm Password">8qTwtQBEMS-ThlQBoyWMLvzMI1jbOqv8sfJqhV01YTc._yxiNrgO.2</urn:Field>
            </urn:Row>
        </urn:Table>
    </urn:Tables>
</urn:PluginConfiguration>