<?xml version="1.0" encoding="UTF-8"?>
<urn:PluginConfiguration isInheritExtendedContractAttributes="false" name="UserPass" xmlns:urn="urn:sourceid.org:saml2:adapter:conf">
    <urn:Fields/>
    <urn:AdvancedFields/>
    <urn:Tables>
        <urn:Table name="Users">
            <urn:Row>
                <urn:Field name="Username">joe</urn:Field>
                <urn:Field name="Password">4M0WjkldFY-8xPZyt3tOX9kcU-rNlJphN_eIcz81X-0.3K6RsrEF.2</urn:Field>
                <urn:Field name="Confirm Password">mtvXl0dAV3e67INQQmgYFbAbRhZgT7q1puwoKEXFX7c.6GZcxXhy.2</urn:Field>
            </urn:Row>
            <urn:Row>
                <urn:Field name="Username">sarah</urn:Field>
                <urn:Field name="Password">5qJcr2S-Ftn0LNGdoq6Rr7VAve_2QGmz3l-zSgMVKyU.vnZxuaY3.2</urn:Field>
                <urn:Field name="Confirm Password">CEqygGpNr6SmHNioUWEBwB3ny0RY0yxfY_ZT60JkmyQ.1yV9ERbQ.2</urn:Field>
            </urn:Row>
            <urn:Row>
                <urn:Field name="Username">scott</urn:Field>
                <urn:Field name="Password">ZQEDYuFb7QWt3WRluQWelZ8vaXW-RnGm_9-lILek8oM.Rzn9_xY1.2</urn:Field>
                <urn:Field name="Confirm Password">-4a6MyEV2MDjPi2sDMiUrqUA5ay9OhxvWEalU-KyBC4.eMTN4O91.2</urn:Field>
            </urn:Row>
        </urn:Table>
    </urn:Tables>
</urn:PluginConfiguration>